experiment,participant,trial_index,condition,list_length,list,response,rate_ms_per_item,timestamp,block
free_recall,P5,0,distractor,20,R O I U P K L F T E J D G W H V M S C N,J Q O P C G F D,1000,2026-10-02T10:48:24.768Z,
free_recall,P5,1,fast,20,O D B K M U A E N I W S T V L R Z C J F,F C U O J M G V,500,2026-10-02T10:48:54.792Z,
free_recall,P5,2,delay,20,X V G A I S J B K E W N L R C M O P Q T,T Q R O X C P B F G,1000,2026-10-02T10:49:58.544Z,
free_recall,P5,3,distractor,20,B E Y W Z J T P H S C Q N L G K F V M U,U J M G P C K H D,1000,2026-10-02T10:50:57.092Z,
free_recall,P5,4,fast,20,Y J A W V T G H U L I O F E X M C N S K,K N M S M J Y P O,500,2026-10-02T10:51:22.381Z,
free_recall,P5,5,baseline,20,R F D C K Z X W H J S U O G L I P Q A E,E A Q L O U P J G V W,1000,2026-10-02T10:52:10.381Z,
free_recall,P5,6,distractor,20,V M J G U I A Y Z T D B H P F Q S R C E,S P R,1000,2026-10-02T10:53:02.875Z,
free_recall,P5,7,baseline,20,X M W P C K A V S I E D J F O B L U G N,N U L G P S W,1000,2026-10-02T10:54:05.139Z,
free_recall,P5,8,delay,20,E N I S M K V U Y O G F W B D X T J H L,L W J M O P Q C X Z F D G,1000,2026-10-02T10:55:01.952Z,
free_recall,P5,9,distractor,20,G I Z R D M J W F N K S Q A H C B E T V,S G I Z R Q A,1000,2026-10-02T10:55:53.882Z,
free_recall,P5,10,baseline,20,H J I O Y D R C W Q M T L G U K V S N X,X N V Q U W P G,1000,2026-10-02T10:56:28.958Z,
free_recall,P5,11,baseline,20,L S R D A H P O T V I U E C Z W B M J F,F W B M J P O T C U,1000,2026-10-02T10:57:06.699Z,
free_recall,P5,12,fast,20,J T L E O S B V U P M A I Y N Q Z W G D,D G W U M P Z A I U D,500,2026-10-02T10:57:31.257Z,
free_recall,P5,13,fast,20,S Y A D L Q I B P E G H K V M J C N W X,X N M J Q B D O F G,500,2026-10-02T10:57:54.161Z,
free_recall,P5,14,fast,20,J G K H X L I S B O N R T D Q P E A C F,F C A B D G O U P F D Q R,500,2026-10-02T10:58:19.338Z,
free_recall,P5,15,distractor,20,O Q D T Z Y G V C F J E W M P N S X H I,,1000,2026-10-02T10:59:03.211Z,
free_recall,P5,16,delay,20,E O U C R M W I Y P B Q K F V S X N T H,H N S T W U M D,1000,2026-10-02T10:59:58.117Z,
free_recall,P5,17,baseline,20,C E B T J M X G Q I W F Y A R N U H Z L,L U N H Z S W U P H,1000,2026-10-02T11:00:44.822Z,
free_recall,P5,18,delay,20,K L A B J V T E O U W D Y Z R C M S F P,P W U Z M P U Y D C,1000,2026-10-02T11:01:40.425Z,
free_recall,P5,19,delay,20,A Q T V C I O Z N Y P L U F S W R M K D,D K W U M N H C V,1000,2026-10-02T11:02:33.015Z,
serial_recall,P5,0,length_6,6,PVGDCT,P V C D T,,2026-10-02T11:03:12.921Z,A_capacity
serial_recall,P5,1,length_3,3,VDG,VDG,,2026-10-02T11:03:25.389Z,A_capacity
serial_recall,P5,2,length_5,5,DCTPG,DCVTG,,2026-10-02T11:03:51.225Z,A_capacity
serial_recall,P5,3,length_5,5,BCDTV,BDCTV,,2026-10-02T11:04:03.123Z,A_capacity
serial_recall,P5,4,length_4,4,DPGB,DPGB,,2026-10-02T11:04:14.336Z,A_capacity
serial_recall,P5,5,length_4,4,TPCB,TCPB,,2026-10-02T11:04:27.202Z,A_capacity
serial_recall,P5,6,length_4,4,PDBC,PDBC,,2026-10-02T11:04:37.623Z,A_capacity
serial_recall,P5,7,length_7,7,DPGTVCB,DPVCTGB,,2026-10-02T11:04:53.779Z,A_capacity
serial_recall,P5,8,length_7,7,PCGBTVD,PCBTVGD,,2026-10-02T11:05:10.203Z,A_capacity
serial_recall,P5,9,length_6,6,GVTDBC,BTVDGC,,2026-10-02T11:05:27.573Z,A_capacity
serial_recall,P5,10,length_3,3,CTB,CTB,,2026-10-02T11:05:35.387Z,A_capacity
serial_recall,P5,11,length_6,6,BDTCVP,BDCTVP,,2026-10-02T11:05:47.630Z,A_capacity
serial_recall,P5,12,length_7,7,PDVTGBC,PDVTGC,,2026-10-02T11:06:04.627Z,A_capacity
serial_recall,P5,13,length_4,4,BTGV,BTGV,,2026-10-02T11:06:14.362Z,A_capacity
serial_recall,P5,14,length_6,6,BCPTVG,BTVCGT,,2026-10-02T11:06:33.740Z,A_capacity
serial_recall,P5,15,length_3,3,GVP,GVP,,2026-10-02T11:06:41.571Z,A_capacity
serial_recall,P5,16,length_3,3,GVT,GVT,,2026-10-02T11:06:49.221Z,A_capacity
serial_recall,P5,17,length_5,5,DCPGB,DCPGB,,2026-10-02T11:06:59.979Z,A_capacity
serial_recall,P5,18,length_5,5,PDBVT,PDVGT,,2026-10-02T11:07:11.688Z,A_capacity
serial_recall,P5,19,length_7,7,DVCPTBG,DVGPTBG,,2026-10-02T11:07:27.761Z,A_capacity
serial_recall,P5,0,chunked,6,GUN CAR ARM FOX LEG BAT,GUN CAR ARM BAT,,2026-10-02T11:07:54.283Z,B_manipulation
serial_recall,P5,1,suppression,6,K N L F M Q,Q M N,,2026-10-02T11:08:13.005Z,B_manipulation
serial_recall,P5,2,suppression,6,L F X J K W,L M N S,,2026-10-02T11:08:33.070Z,B_manipulation
serial_recall,P5,3,control,6,F Y K R S L,F Y K R S L,,2026-10-02T11:08:51.368Z,B_manipulation
serial_recall,P5,4,tapping,6,M R S F H J,M R S F H J,,2026-10-02T11:09:07.619Z,B_manipulation
serial_recall,P5,5,chunked,6,EAR CAT DOG ARM LEG MAP,EAR CAR DOG MAP LEG,,2026-10-02T11:09:37.040Z,B_manipulation
serial_recall,P5,6,suppression,6,W M K H J R,V M W N,,2026-10-02T11:09:54.541Z,B_manipulation
serial_recall,P5,7,tapping,6,J S H Y R X,J S M N Y R X,,2026-10-02T11:10:09.680Z,B_manipulation
serial_recall,P5,8,control,6,N K S J W F,N S J W M K,,2026-10-02T11:10:26.979Z,B_manipulation
serial_recall,P5,9,tapping,6,N Q R F H K,N Q R F H K,,2026-10-02T11:10:43.126Z,B_manipulation
serial_recall,P5,10,control,6,Y K N Q X W,Y N Q X W,,2026-10-02T11:10:59.615Z,B_manipulation
serial_recall,P5,11,chunked,6,BUS BOX MAP FOX SUN SON,BUS BOX MAP SUN SON,,2026-10-02T11:11:28.146Z,B_manipulation
serial_recall,P5,12,control,6,F L X R Y S,F L X Y R S,,2026-10-02T11:11:43.747Z,B_manipulation
serial_recall,P5,13,tapping,6,Y L N M S F,L Y M N S F,,2026-10-02T11:11:58.619Z,B_manipulation
serial_recall,P5,14,chunked,6,GUM EAR BED FOX LIP MAP,GUN EAR LIP BED,,2026-10-02T11:12:20.827Z,B_manipulation
serial_recall,P5,15,tapping,6,J H R M L Q,J H L M R Q,,2026-10-02T11:12:36.853Z,B_manipulation
serial_recall,P5,16,chunked,6,LEG NET JAR BED SUN PIG,LEG NET JAR SUN BED,,2026-10-02T11:13:00.980Z,B_manipulation
serial_recall,P5,17,control,6,N R S F H Y,N S R H F Y,,2026-10-02T11:13:21.857Z,B_manipulation
serial_recall,P5,18,suppression,6,S M F N J Y,S M F,,2026-10-02T11:13:35.193Z,B_manipulation
serial_recall,P5,19,control,6,X Q L H S M,X Q L M N S,,2026-10-02T11:13:54.270Z,B_manipulation
serial_recall,P5,20,tapping,6,F N L Y H S,S N L F Y M,,2026-10-02T11:14:11.883Z,B_manipulation
serial_recall,P5,21,suppression,6,Q L K S X W,Q L K M,,2026-10-02T11:14:24.634Z,B_manipulation
serial_recall,P5,22,chunked,6,GUM PEN RAT SEA JOB EAR,GUM PET RAT SEA,,2026-10-02T11:14:48.191Z,B_manipulation
serial_recall,P5,23,suppression,6,J R W L F Q,J R,,2026-10-02T11:15:00.126Z,B_manipulation