experiment,participant,trial_index,condition,list_length,list,response,rate_ms_per_item,timestamp
free_recall,s234835,0,fast,20,M U E Y F Q S P X J I W B V C T K N R Z,Z R N K P V S,500,2026-10-01T12:51:55.303Z
free_recall,s234835,1,delay,20,B I G K Q X O L V J S F U Y C H N D Z P,P Z Q U F H I V L S,1000,2026-10-01T12:52:49.739Z
free_recall,s234835,2,baseline,20,B R P Q N D S F O U G L X T Y A C V I K,C V I K A B L U T Q X,1000,2026-10-01T12:53:39.259Z
free_recall,s234835,3,delay,20,M C Z W A E J N I S L T V P Q B O R H X,R H X I J U A,1000,2026-10-01T12:54:57.591Z
free_recall,s234835,4,distractor,20,H W T C S L U O R A P Z M X N G K E V Q,H W C T S Q H V R,1000,2026-10-01T12:55:52.299Z
free_recall,s234835,5,baseline,20,R F W B M Q S O D N I L Y X H E T J G V,V G M J U S T R F W B S Q U O,1000,2026-10-01T12:56:38.794Z
free_recall,s234835,6,distractor,20,L I C P U Y V A T K E Z F M J N D G W Q,C P U Y V R F W G B,1000,2026-10-01T12:57:50.001Z
free_recall,s234835,7,fast,20,B G A R Z C M T E W O L J D H N Q V F I,I F J W A H M U R S T,500,2026-10-01T12:58:18.336Z
free_recall,s234835,8,delay,20,M A D U T C Q R L F B S V G Z N K E I J,E I J S V G F G B U Q,1000,2026-10-01T12:59:17.106Z
free_recall,s234835,9,distractor,20,I D Y B T V L J N S C K A O Z Q F X W M,Z W M F W A,1000,2026-10-01T13:00:19.216Z
free_recall,s234835,10,baseline,20,K W N O D C L I H T Y Z V A P B U Q F G,U Q F G W A D K L I O,1000,2026-10-01T13:01:08.971Z
free_recall,s234835,11,delay,20,B H F V Q J S U P K I L A C E Z O G Y W,Z O Y W G F J,1000,2026-10-01T13:02:53.230Z
free_recall,s234835,12,fast,20,B G T Z W C L P R D E V U Y X O F I H S,F H I S G W C Z O,500,2026-10-01T13:03:18.087Z
free_recall,s234835,13,baseline,20,V O I X P B E G U W J Q F N R Z S L M T,S L M T B O W S V Q,1000,2026-10-01T13:04:14.641Z
free_recall,s234835,14,fast,20,P A H M E U Z L O Q C F S J D K X I Y B,X I Y B A F J S,500,2026-10-01T13:04:44.232Z
free_recall,s234835,15,distractor,20,H A B K Y I T X W D V M F U S O E G N C,S O E G B,1000,2026-10-01T13:05:42.444Z
free_recall,s234835,16,baseline,20,F K O U E M I R Y J A W S Z C X T Q B V,V F K O U B X Q T,1000,2026-10-01T13:06:27.576Z
free_recall,s234835,17,delay,20,W J L Q E C X V G P Z T D K O B U I R H,P Q R O H B V,1000,2026-10-01T13:07:20.305Z
free_recall,s234835,18,distractor,20,W H P X N L Y T O G C V F R J M U Z A Q,F V W Z Q U R H,1000,2026-10-01T13:08:28.851Z
free_recall,s234835,19,fast,20,O Q F J P D H C Y L T E R U A G Z S V K,S V K O P Q F J Z,500,2026-10-01T13:08:51.492Z